{
  "validation_set": "evaluation\\data\\validation_blind.json",
  "backend": "auto",
  "model": "intfloat/e5-small-v2",
  "examples": 150,
  "query_embedding_norm": {
    "mean": 1.0000000312836284,
    "median": 1.0000000314058552,
    "p95": 1.0000000859086169,
    "min": 0.9999998933601144,
    "max": 1.0000001027703715
  },
  "positive_similarity": {
    "mean": 0.8786134101474886,
    "median": 0.8899403222494753,
    "p95": 0.929706214647493,
    "min": 0.7365570612352166,
    "max": 0.9363948466965624
  },
  "hardest_negative_similarity": {
    "mean": 0.8332999921276169,
    "median": 0.8307312716137039,
    "p95": 0.8925765106566508,
    "min": 0.7632955684466236,
    "max": 0.9010240213120181
  },
  "margin": {
    "mean": 0.045313418019871717,
    "median": 0.046268276758575144,
    "p95": 0.10147412376631204,
    "min": -0.034226463626589765,
    "max": 0.1249410025297969
  },
  "separation_rate": 0.94
}