{
  "validation_set": "evaluation\\data\\validation_blind.json",
  "qrels": "evaluation\\data\\qrels.jsonl",
  "queries": 150,
  "top_k": 10,
  "modes": {
    "bm25": {
      "ndcg_at_k": 0.2340689895508225,
      "mrr_at_k": 0.24633333333333335,
      "recall_at_k": 0.17222222222222222,
      "precision_at_k": 0.20867460317460318,
      "hard_negative_hit_at_k": 0.0,
      "latency_ms": {
        "mean": 31.664139333879575,
        "p50": 16.170799965038896,
        "p95": 62.97590001486242
      },
      "per_dataset": {
        "statuspage_incidents": {
          "queries": 50,
          "ndcg_at_k": 0.6367986819810363,
          "mrr_at_k": 0.659
        },
        "osv_advisories": {
          "queries": 50,
          "ndcg_at_k": 0.06540828667143106,
          "mrr_at_k": 0.08
        },
        "gharchive_open_source": {
          "queries": 50,
          "ndcg_at_k": 0.0,
          "mrr_at_k": 0.0
        }
      }
    },
    "dense": {
      "ndcg_at_k": 0.8359436904453977,
      "mrr_at_k": 0.895952380952381,
      "recall_at_k": 0.6394444444444445,
      "precision_at_k": 0.17,
      "hard_negative_hit_at_k": 0.4533333333333333,
      "latency_ms": {
        "mean": 76.60936266727124,
        "p50": 42.99640003591776,
        "p95": 59.785099991131574
      },
      "per_dataset": {
        "statuspage_incidents": {
          "queries": 50,
          "ndcg_at_k": 0.8288523606299372,
          "mrr_at_k": 0.84
        },
        "osv_advisories": {
          "queries": 50,
          "ndcg_at_k": 0.8040188276494727,
          "mrr_at_k": 0.8478571428571428
        },
        "gharchive_open_source": {
          "queries": 50,
          "ndcg_at_k": 0.8749598830567829,
          "mrr_at_k": 1.0
        }
      }
    },
    "pgvector": {
      "ndcg_at_k": 0.8359436904453977,
      "mrr_at_k": 0.895952380952381,
      "recall_at_k": 0.6394444444444445,
      "precision_at_k": 0.17,
      "hard_negative_hit_at_k": 0.4533333333333333,
      "latency_ms": {
        "mean": 18.149689332737278,
        "p50": 14.655599952675402,
        "p95": 34.93070002878085
      },
      "per_dataset": {
        "statuspage_incidents": {
          "queries": 50,
          "ndcg_at_k": 0.8288523606299372,
          "mrr_at_k": 0.84
        },
        "osv_advisories": {
          "queries": 50,
          "ndcg_at_k": 0.8040188276494727,
          "mrr_at_k": 0.8478571428571428
        },
        "gharchive_open_source": {
          "queries": 50,
          "ndcg_at_k": 0.8749598830567829,
          "mrr_at_k": 1.0
        }
      }
    },
    "hybrid": {
      "ndcg_at_k": 0.8397389403698718,
      "mrr_at_k": 0.8947857142857144,
      "recall_at_k": 0.6627777777777778,
      "precision_at_k": 0.17333333333333334,
      "hard_negative_hit_at_k": 0.46,
      "latency_ms": {
        "mean": 7088.902029331463,
        "p50": 7184.400099969935,
        "p95": 8907.118300034199
      },
      "per_dataset": {
        "statuspage_incidents": {
          "queries": 50,
          "ndcg_at_k": 0.8557499998197007,
          "mrr_at_k": 0.8593571428571429
        },
        "osv_advisories": {
          "queries": 50,
          "ndcg_at_k": 0.7879231882701108,
          "mrr_at_k": 0.825
        },
        "gharchive_open_source": {
          "queries": 50,
          "ndcg_at_k": 0.8755436330198039,
          "mrr_at_k": 1.0
        }
      }
    }
  }
}